user_id_str,info,whether_active,user_screen_name
62364020,F,,
2706101936,M,,
5654472,F,,
145579921,F,,
2502172122,M,,
243716471,F,,
2610379644,M,,
123138418,M,,
257376764,F,,
269145593,M,,
370711133,F,,
1510968974,F,,
3526380922,M,,
163413904,F,,
16980347,M,,
1209614366,M,,
447433286,F,,
1970607968,M,,
3285473358,F,,
1112166661,F,,
422175328,M,,
60004557,F,,
2789430008,M,,
253242925,M,,
141214344,F,,
24787056,M,,
22830586,F,,
138605435,F,,
2199664468,M,,
71098947,F,,
174156582,M,,
315105182,M,,
356667027,F,,
152122529,M,,
300526090,F,,
281666367,F,,
314200747,M,,
284371894,F,,
193060294,M,,
3098204839,M,,
89107116,F,,
20815886,M,,
3157739056,F,,
7.68681E+17,F,,
460620990,M,,
1379501556,F,,
2725725450,M,,
55165270,M,,
252708604,F,,
94245683,M,,
33686448,F,,
238576433,F,,
518389533,M,,
21217122,F,,
7.91733E+17,M,,
132216274,M,,
175322072,F,,
29949567,M,,
17130680,F,,
1194213805,F,,
356677104,M,,
173697045,F,,
13785352,M,,
1034809063,M,,
182037498,F,,
2326748376,M,,
2351435020,F,,
4111464136,F,,
2229240523,M,,
2402058558,F,,
77321410,M,,
3375721527,M,,
860495726,F,,
3923649083,M,,
31467003,F,,
4146493673,F,,
43189449,M,,
14348618,F,,
191873398,M,,
14169855,M,,
103596643,F,,
87690895,M,,
382901851,F,,
506067767,F,,
323149948,M,,
2348808775,F,,
32071786,M,,
89633357,M,,
375712053,F,,
2816704757,M,,
720331094,F,,
349381846,F,,
418871874,M,,
16657113,F,,
102688383,M,,
7.72544E+17,M,,
1399965709,F,,
826284212,M,,
3196213653,F,,
4442301695,F,,
1485862291,M,,
294719044,F,,
468731640,M,,
8408412,M,,
7.86213E+17,F,,
81000458,M,,
578426523,F,,
2847886928,F,,
258080946,M,,
2293516421,F,,
3073354949,M,,
2244751172,M,,
1648631244,F,,
207114132,M,,
155809091,F,,
48395069,F,,
41337472,M,,
50902973,F,,
588605404,M,,
591804599,M,,
1806671,F,,
2551073557,M,,
2663928969,F,,
19315352,F,,
585782554,M,,
63707171,F,,
1655530248,M,,
277408746,M,,
1283793956,F,,
437669623,M,,
205418510,F,,
270940424,F,,
7.00333E+17,M,,
2025531,F,,
44678898,M,,
203597952,M,,
1957347541,F,,
599445692,M,,
3398096555,F,,
323274346,F,,
248931197,M,,
21267682,F,,
197598528,M,,
1689125262,M,,
17824489,F,,
118378294,M,,
282269833,F,,
134152350,F,,
3234664235,M,,
36679173,F,,
4755678875,M,,
2322987994,M,,
190543244,F,,
15519893,M,,
543872908,F,,
14454583,F,,
1040604872,M,,
625542640,F,,
1170556975,M,,
3342756442,M,,
17665654,F,,
6295782,M,,
380538425,F,,
236301546,F,,
19775711,M,,
623948688,F,,
156131053,M,,
878083386,M,,
1264262994,F,,
20075370,M,,
64556019,F,,
162682950,F,,
472271131,M,,
491426468,F,,
302051431,M,,
76047938,M,,
23019151,F,,
214587100,M,,
735237505,F,,
19563380,F,,
15075643,M,,
2820871918,F,,
319029300,M,,
2911144645,M,,
167129822,F,,
2178554890,M,,
28931985,F,,
377527019,F,,
14735760,M,,
89900424,F,,
219930660,M,,
446742802,M,,
39078109,F,,
125855207,M,,
70389188,F,,
22915745,F,,
1196145949,M,,
168418392,F,,
2698629504,M,,
7.18034E+17,M,,
3023752657,F,,
82018203,M,,
7.16687E+17,F,,
65332022,F,,
141121479,M,,
38640756,F,,
3877071439,M,,
48626994,M,,
133856231,F,,
102119049,M,,
4380411,F,,
4417845858,F,,
2322723822,M,,
145940316,F,,
7.87617E+17,M,,
2347212330,M,,
74678948,F,,
478954545,M,,
305560776,F,,
2193433592,F,,
40692308,M,,
14430913,F,,
3250864230,M,,
374735949,M,,
156302205,F,,
14961827,M,,
89237396,F,,
7.41873E+17,F,,
72877928,M,,
1908777942,F,,
56210818,M,,
20973783,M,,
2228056004,F,,
1210875679,M,,
450442747,F,,
2316449398,F,,
54311555,M,,
14993218,F,,
57322834,M,,
158632671,M,,
7.05021E+17,F,,
83078534,M,,
221125308,F,,
1914640352,F,,
255935729,M,,
147258286,F,,
21338481,M,,
156365299,M,,
122672833,F,,
127216617,M,,
29684260,F,,
61218672,F,,
25151772,M,,
2171855560,F,,
284075387,M,,
1110962058,M,,
396796435,F,,
62872680,M,,
71302070,F,,
1231247078,F,,
365367615,M,,
127186083,F,,
81329096,M,,
278516937,M,,
40713544,F,,
158471550,M,,
620214487,F,,
2981676459,F,,
7.69834E+17,M,,
296995839,F,,
255946292,M,,
175756541,M,,
373275893,F,,
249190612,M,,
163148814,F,,
180361172,F,,
24655213,M,,
17424831,F,,
1603957266,M,,
51013278,M,,
20343872,F,,
488190692,M,,
3064134913,F,,
7.92489E+17,F,,
136371386,M,,
485556712,F,,
2471882927,M,,
291033211,M,,
1432265624,F,,
206062743,M,,
255430770,F,,
493941380,F,,
1347081,M,,
3811502293,F,,
2688190572,M,,
15488009,M,,
58875334,F,,
75980633,M,,
7.20811E+17,F,,
4366491613,F,,
257320677,M,,
228025464,F,,
613496890,M,,
53454531,M,,
156664343,F,,
789256404,M,,
107008766,F,,
453590509,F,,
317774985,M,,
280370764,F,,
1148946805,M,,
106843636,M,,
7.8011E+17,F,,
180854053,M,,
54751476,F,,
25976103,F,,
2685131954,M,,
554493417,F,,
16031661,M,,
540223123,M,,
79266671,F,,
7.86912E+17,M,,
265069320,F,,
227558783,F,,
425825960,M,,
3459096634,F,,
98434540,M,,
540744250,M,,
137685030,F,,
7.93273E+17,M,,
84306077,F,,
129433156,F,,
453209717,M,,
50972311,F,,
929624545,M,,
14244836,M,,
376854086,F,,
84115838,M,,
234641258,F,,
2463479774,F,,
401160259,M,,
383083991,F,,
160500308,M,,
156226234,M,,
1443351012,F,,
1705468489,M,,
7.63376E+17,F,,
319457278,F,,
68657683,M,,
7.9364E+17,F,,
106795900,M,,
4548191940,M,,
2174216995,F,,
2219985456,M,,
4176798072,F,,
180331674,F,,
92895763,M,,
2193608857,F,,
39454604,M,,
1255519657,M,,
1655129347,F,,
1675908295,M,,
46408133,F,,
170651537,F,,
14725241,M,,
37907842,F,,
43406190,M,,
259875880,M,,
2865599865,F,,
2395197084,M,,
26475128,F,,
298791247,F,,
34930255,M,,
1188929052,F,,
2210273923,M,,
1245377257,M,,
2497727850,F,,
2242214617,M,,
34282723,F,,
2274181766,F,,
2987648555,M,,
35541189,F,,
3295303734,M,,
524732951,M,,
79436911,F,,
246987245,M,,
7.57034E+17,F,,
2354303918,F,,
22477252,M,,
33829621,F,,
481573383,M,,
21850842,M,,
7.85917E+17,F,,
101782427,M,,
1437440348,F,,
7.06169E+17,F,,
6177832,M,,
120068456,F,,
429016990,M,,
20070088,M,,
7.37213E+17,F,,
79260733,M,,
18821935,F,,
14934017,F,,
1658664860,M,,
7.04345E+17,F,,
499464698,M,,
66370007,M,,
83318092,F,,
2755420775,M,,
147572461,F,,
19412382,F,,
7.49383E+17,M,,
2259222409,F,,
41701156,M,,
3447333252,M,,
7.24529E+17,F,,
1640461520,M,,
154600632,F,,
89850915,F,,
64897527,M,,
2669215596,F,,
30260663,M,,
522477612,M,,
2865211326,F,,
320756388,M,,
396549156,F,,
19236015,F,,
76912915,M,,
203874607,F,,
2900142090,M,,
19857548,M,,
7.33398E+17,F,,
54941507,M,,
194944968,F,,
15605226,F,,
140830709,M,,
1552913352,F,,
289396177,M,,
21689397,M,,
2984476775,F,,
7.93853E+17,M,,
297504225,F,,
485223335,F,,
2824549028,M,,
459694718,F,,
2414858826,M,,
48569961,M,,
36714114,F,,
2960180055,M,,
14156531,F,,
153994363,F,,
2995578334,M,,
16630250,F,,
409166295,M,,
60760606,M,,
1561239990,F,,
227640177,M,,
7.44083E+17,F,,
13220972,F,,
1017546403,M,,
1056873374,F,,
1532349217,M,,
2460952989,M,,
3329627669,F,,
3258741314,M,,
1708132520,F,,
145552068,F,,
1694032592,M,,
126296982,F,,
752434454,M,,
97015006,M,,
493514962,F,,
3188314726,M,,
16999368,F,,
80354812,F,,
22195874,M,,
463819805,F,,
182114612,M,,
45750321,M,,
7.93878E+17,F,,
239057382,M,,
281620069,F,,
41451604,F,,
21112079,M,,
234004339,F,,
3234250197,M,,
156171571,M,,
440069397,F,,
134019610,M,,
3195003018,F,,
7.68214E+17,F,,
1307262936,M,,
1860643051,F,,
1955591882,M,,
724573190,M,,
130496112,F,,
2980928403,M,,
48097506,F,,
7.62684E+17,F,,
231052516,M,,
101599701,F,,
112354863,M,,
2467103148,M,,
73984919,F,,
3378924153,M,,
186287415,F,,
230626212,F,,
30981617,M,,
2450096531,F,,
96982320,M,,
36136637,M,,
2980059869,F,,
489094745,M,,
2404991192,F,,
16223638,F,,
16388482,M,,
4387461,F,,
48938077,M,,
723243194,M,,
161449578,F,,
143616096,M,,
860548147,F,,
44578594,F,,
2790889266,M,,
18596959,F,,
2151837433,M,,
43205023,M,,
223570235,F,,
524390443,M,,
79725820,F,,
33490437,F,,
16049859,M,,
479445356,F,,
32131007,M,,
3091359827,M,,
225372484,F,,
23695124,M,,
30112164,F,,
283512386,F,,
40078503,M,,
80040576,F,,
196651500,M,,
20158291,M,,
2213419554,F,,
127919462,M,,
334116390,F,,
7.29425E+17,F,,
166720784,M,,
7.70727E+17,F,,
36278363,M,,
2395255403,M,,
331481523,F,,
541238494,M,,
1180539758,F,,
287128801,F,,
619427787,M,,
761671164,F,,
44645600,M,,
994686457,M,,
2353242859,F,,
42853357,M,,
149431832,F,,
20045431,F,,
78126698,M,,
3082851141,F,,
41917868,M,,
374438999,M,,
86668987,F,,
329304994,M,,
14511067,F,,
4028697493,F,,
885336408,M,,
7.89767E+17,F,,
3346971111,M,,
953901134,M,,
1923986118,F,,
248361725,M,,
31343671,F,,
16669765,F,,
4494066677,M,,
467046076,F,,
4827082615,M,,
219151894,M,,
19815917,F,,
19860569,M,,
3973937112,F,,
96779709,F,,
470412760,M,,
413233775,F,,
164623724,M,,
77827976,M,,
70391352,F,,
35323518,M,,
245323551,F,,
1146559795,F,,
103140221,M,,
4245183196,F,,
3127117599,M,,
2825383630,M,,
1876523509,F,,
39936715,M,,
7.56664E+17,F,,
121513127,F,,
7.78378E+17,M,,
18240730,F,,
2200072755,M,,
1859308328,M,,
574136897,F,,
746637564,M,,
48826221,F,,
32653092,F,,
51267605,M,,
220095890,F,,
418264644,M,,
71177611,M,,
7765902,F,,
2953950819,M,,
40573844,F,,
123063443,F,,
16470450,M,,
2488873374,F,,
25113236,M,,
2517601038,M,,
7.67339E+17,F,,
101496743,M,,
4666990218,F,,
52669647,F,,
600235351,M,,
49263856,F,,
283168534,M,,
22078940,M,,
45646219,F,,
7.48312E+17,M,,
94114912,F,,
3822557232,F,,
1426939406,M,,
117022992,F,,
841448508,M,,
321634113,M,,
111567872,F,,
230094546,M,,
227910163,F,,
77020260,F,,
2413842998,M,,
124711644,F,,
359299986,M,,
4361782161,M,,
218100045,F,,
444561240,M,,
449556346,F,,
141514699,F,,
68398349,M,,
13185272,F,,
34403734,M,,
1977690018,M,,
72701241,F,,
98873458,M,,
40251516,F,,
46228767,F,,
2303638746,M,,
146850968,F,,
7287622,M,,
2886602575,M,,
40769391,F,,
166096228,M,,
158697330,F,,
264218502,F,,
2163213144,M,,
28417220,F,,
3318597149,M,,
49401720,M,,
1684636556,F,,
109469032,M,,
1328586871,F,,
216030405,F,,
209180682,M,,
481567669,F,,
2774375013,M,,
339825758,M,,
273988875,F,,
331483931,M,,
6927562,F,,
155014004,F,,
180726357,M,,
35857831,F,,
88541237,M,,
2586648276,M,,
113181276,F,,
20479369,M,,
6456692,F,,
2197473794,F,,
388545701,M,,
87287475,F,,
15212202,M,,
1497020376,M,,
21420819,F,,
394339719,M,,
347780670,F,,
412218454,F,,
151471706,M,,
444045584,F,,
3241686193,M,,
307071884,M,,
164729685,F,,
211314838,M,,
4252076728,F,,
14286542,F,,
21671483,M,,
3388544465,F,,
23845398,M,,
2897133662,M,,
300931329,F,,
28450322,M,,
207016716,F,,
18267432,F,,
41457911,M,,
468476916,F,,
8922082,M,,
28291808,M,,
617875930,F,,
28070351,M,,
14178066,F,,
7.7289E+17,F,,
637224461,M,,
1056165000,F,,
470553237,M,,
2573219121,M,,
49750455,F,,
391010001,M,,
1299813354,F,,
615138587,F,,
1259743393,M,,
619522261,F,,
21875869,M,,
44737051,M,,
4708108637,F,,
2998233178,M,,
36746331,F,,
2927219833,F,,
12144232,M,,
800813617,F,,
3304637221,M,,
132345637,M,,
21287437,F,,
101879535,M,,
2780953026,F,,
3758506395,F,,
6.97099E+17,M,,
2340821,F,,
603712296,M,,
57340573,M,,
7.81965E+17,F,,
391582041,M,,
2735624285,F,,
79378269,F,,
1107690745,M,,
270396051,F,,
1015987736,M,,
1433596662,M,,
901169144,F,,
336941297,M,,
90924839,F,,
333867039,F,,
1587800580,M,,
15374193,F,,
898250437,M,,
120838314,M,,
19919515,F,,
1282440788,M,,
2231539655,F,,
153682905,F,,
395496665,M,,
235546963,F,,
2856962985,M,,
236599759,M,,
7.92816E+17,F,,
97359917,M,,
264910184,F,,
85868833,F,,
16059827,M,,
107422115,F,,
322230922,M,,
110614239,M,,
118712723,F,,
43370459,M,,
86866410,F,,
182811243,F,,
350308945,M,,
872616324,F,,
218176653,M,,
7.51094E+17,M,,
90510002,F,,
467554781,M,,
160326340,F,,
470228513,F,,
51824516,M,,
17030728,F,,
367853187,M,,
953947501,M,,
23756473,F,,
20066293,M,,
2572375764,F,,
189975748,F,,
72342053,M,,
55160211,F,,
84390105,M,,
2189027816,M,,
173736457,F,,
2960386147,M,,
7.26316E+17,F,,
230429587,F,,
1539218622,M,,
28397661,F,,
7.27791E+17,M,,
67290915,M,,
2854616179,F,,
17641725,M,,
2974841467,F,,
2366888623,F,,
2851697636,M,,
7.46675E+17,F,,
569410380,M,,
3198506329,M,,
7.94217E+17,F,,
2535272502,M,,
471697777,F,,
173297485,F,,
2488775060,M,,
185954790,F,,
329538941,M,,
1513009609,M,,
543571642,F,,
62304497,M,,
40936936,F,,
780540098,F,,
2171653297,M,,
3679987464,F,,
3191823195,M,,
16611081,M,,
86762070,F,,
588300950,M,,
26787826,F,,
18245601,F,,
170352544,M,,
71190470,F,,
7.77594E+17,M,,
73097498,M,,
3322188248,F,,
31453996,M,,
64988324,F,,
7.78629E+17,F,,
111109304,M,,
268256709,F,,
47039868,M,,
62059958,M,,
1440700358,F,,
7.1395E+17,M,,
62589198,F,,
1382868224,F,,
113948965,M,,
55197678,F,,
1193371062,M,,
393362049,M,,
64041474,F,,
95240527,M,,
70380059,F,,
1636351038,F,,
129126829,M,,
29698415,F,,
142201059,M,,
7.15131E+17,M,,
195448833,F,,
173123534,M,,
61606664,F,,
2482688934,F,,
61323080,M,,
36175296,F,,
3057228958,M,,
455290024,M,,
15309467,F,,
133372179,M,,
158901096,F,,
2875793995,F,,
1169020747,M,,
23340607,F,,
19451813,M,,
2369485963,M,,
2994564113,F,,
529541551,M,,
423716129,F,,
379378914,F,,
2523514141,M,,
21024374,F,,
98863587,M,,
1171182668,M,,
20561973,F,,
384695518,M,,
1708460220,F,,
4482616212,F,,
20501629,M,,
14326901,F,,
45261250,M,,
48893323,M,,
928763503,F,,
211419571,M,,
535015099,F,,
125675649,F,,
274670671,M,,
15154216,F,,
842317388,M,,
367676040,M,,
1186407745,F,,
282751621,M,,
1665978758,F,,
760416523,F,,
843798637,M,,
2466234432,F,,
1873374613,M,,
3147626639,M,,
144895933,F,,
344633710,M,,
3257994684,F,,
21287456,F,,
268325835,M,,
96373498,F,,
127537708,M,,
21175271,M,,
272215307,F,,
69482012,M,,
13882422,F,,
976602654,F,,
1202660983,M,,
244127595,F,,
90344035,M,,
32208796,M,,
482233945,F,,
7.0197E+17,M,,
479937744,F,,
290553151,F,,
258997692,M,,
57791793,F,,
2685923779,M,,
3264700257,M,,
4787662932,F,,
2998667868,M,,
878427038,F,,
4756047517,F,,
3528407837,M,,
114785935,F,,
42123801,M,,
509,M,,
247894564,F,,
2551467398,M,,
157560205,F,,
29547017,F,,
96399442,M,,
1734174698,F,,
536785489,M,,
359416945,M,,
111154233,F,,
283608923,M,,
28579374,F,,
148709111,F,,
16974098,M,,
7.5849E+17,F,,
11622902,M,,
3230947374,M,,
162089681,F,,
717836426,M,,
7.38118E+17,F,,
7.32257E+17,F,,
565815554,M,,
1695720008,F,,
190760270,M,,
1186727431,M,,
44622484,F,,
349475342,M,,
91730206,F,,
7.73046E+17,F,,
101817037,M,,
68347623,F,,
126798896,M,,
2316530562,M,,
3258168487,F,,
4889990293,M,,
1199773272,F,,
2193153876,F,,
184341382,M,,
4693680386,F,,
1885833912,M,,
218064209,M,,
108500760,F,,
2805689886,M,,
7.80965E+17,F,,
25133328,F,,
7.2334E+17,M,,
7.75337E+17,F,,
489827888,M,,
88709529,M,,
561696170,F,,
1373354234,M,,
199751278,F,,
2411748420,F,,
16703283,M,,
153740950,F,,
2345649007,M,,
74479455,M,,
2299229156,F,,
1393820892,M,,
49424310,F,,
92506401,F,,
79095526,M,,
15786675,F,,
558081498,M,,
2613132308,M,,
309103324,F,,
253328356,M,,
280924003,F,,
16898014,F,,
111311425,M,,
116394463,F,,
84824488,M,,
2242138508,M,,
1023375762,F,,
172626466,M,,
101431978,F,,
7.57354E+17,F,,
101976764,M,,
2515080404,F,,
17782870,M,,
73416807,M,,
273795832,F,,
3195840757,M,,
4242036260,F,,
3091815276,F,,
130804711,M,,
120686214,F,,
15363966,M,,
66302156,M,,
433114728,F,,
166950381,M,,
3104054881,F,,
860782586,F,,
82570700,M,,
1873846074,F,,
524784220,M,,
937472923,M,,
119640490,F,,
970657332,M,,
87118044,F,,
7.948E+17,F,,
61141419,M,,
96286076,F,,
990333956,M,,
58433580,M,,
305814105,F,,
618236025,M,,
213690076,F,,
487962424,F,,
19440322,M,,
133172077,F,,
87117683,M,,
4880556981,M,,
2960490260,F,,
3020447602,M,,
405164703,F,,
427609692,F,,
2403231494,M,,
16069130,F,,
4487288773,M,,
2582743346,M,,
160933502,F,,
103623830,M,,
65417675,F,,
1498050319,F,,
97011860,M,,
957140720,F,,
2508603106,M,,
3046666154,M,,
54641026,F,,
21528028,M,,
2559174822,F,,
36011910,F,,
2960171321,M,,
1856634302,F,,
100209462,M,,
1495902908,M,,
551812896,F,,
821125016,M,,
87379460,F,,
299195185,F,,
9506872,M,,
16561291,F,,
2856399197,M,,
3912881660,M,,
4672171753,F,,
83441084,M,,
321395977,F,,
7.94743E+17,F,,
7.03551E+17,M,,
7.13577E+17,F,,
406888732,M,,
130542674,M,,
822491196,F,,
171696906,M,,
379579464,F,,
508281458,F,,
25344410,M,,
20842436,F,,
135954665,M,,
7.94835E+17,M,,
7.07234E+17,F,,
43010405,M,,
2515586548,F,,
313823505,F,,
7.94865E+17,M,,
634866870,F,,
700157188,M,,
181163587,M,,
275892665,F,,
312837010,M,,
23060688,F,,
21293985,F,,
133795300,M,,
3958952128,F,,
214875930,M,,
7.00414E+17,M,,
339912317,F,,
305186800,M,,
175909588,F,,
139661734,F,,
29928368,M,,
477988545,F,,
55553419,M,,
7.92394E+17,M,,
103173046,F,,
23067380,M,,
1543185697,F,,
16102387,F,,
231471532,M,,
2963859957,F,,
738348487,M,,
248336674,M,,
2745442233,F,,
65701751,M,,
171158169,F,,
452284120,F,,
2810344255,M,,
25966361,F,,
3230421368,M,,
7.94883E+17,M,,
16448937,F,,
7.20502E+17,M,,
2473987760,F,,
32884145,F,,
269450888,M,,
2872381,F,,
506169734,M,,
163234448,M,,
124404304,F,,
22623668,M,,
3784437202,F,,
366070192,F,,
21614568,M,,
7.78258E+17,F,,
91070198,M,,
750926251,M,,
1034054106,F,,
63802295,M,,
752856230,F,,
137123695,F,,
20376877,M,,
2261733470,F,,
1882693742,M,,
166228605,M,,
604322953,F,,
18450619,M,,
7.36906E+17,F,,
186054723,F,,
813888230,M,,
26619513,F,,
117692606,M,,
7.19797E+17,M,,
11363412,F,,
150754343,M,,
15811626,F,,
3367422562,F,,
2246728718,M,,
229832770,F,,
3254261406,M,,
69203404,M,,
123250518,F,,
36727437,M,,
18933348,F,,
2244462676,F,,
1188749005,M,,
376989915,F,,
122537223,M,,
276409190,M,,
2184830563,F,,
126775981,M,,
3307658450,F,,
58508534,F,,
1107810144,M,,
1573710464,F,,
7.94898E+17,M,,
433633820,M,,
273360234,F,,
52119798,M,,
23923212,F,,
273967198,F,,
235644674,M,,
204458885,F,,
218047455,M,,
1497371880,M,,
2600294483,F,,
1947445350,M,,
14550524,F,,
160351387,F,,
379112521,M,,
208750719,F,,
713036018,M,,
21507214,M,,
7.57247E+17,F,,
158747192,M,,
2411557254,F,,
3621489796,F,,
61202914,M,,
1513256844,F,,
39503485,M,,
1305569118,M,,
471528103,F,,
1071362384,M,,
137088213,F,,
20193668,F,,
39261405,M,,
7.62772E+17,F,,
1366998474,M,,
310914911,M,,
3255474476,F,,
238383742,M,,
30449971,F,,
29010115,F,,
54225272,M,,
1579149218,F,,
16242592,M,,
7.39161E+17,M,,
131604312,F,,
333520303,M,,
46908882,F,,
2324935400,F,,
2645861,M,,
49102538,F,,
72660744,M,,
18801710,M,,
390400826,F,,
1914166975,M,,
122909921,F,,
118332705,F,,
46324534,M,,
1476338503,F,,
1247390532,M,,
1511378161,M,,
444792256,F,,
213676804,M,,
558909704,F,,
27070796,F,,
15525392,M,,
2282717091,F,,
2544451983,M,,
1475688288,M,,
2310997442,F,,
128997218,M,,
847795915,F,,
450676096,F,,
68977795,M,,
37765689,F,,
51687101,M,,
2903358217,M,,
2890995413,F,,
393360279,M,,
2312379978,F,,
274333027,F,,
543778131,M,,
7.91082E+17,F,,
145332416,M,,
16423336,M,,
14839627,F,,
497260242,M,,
46021688,F,,
144417801,F,,
14185846,M,,
7.3341E+17,F,,
1570475924,M,,
112758097,M,,
1524849332,F,,
2508971409,M,,
7.52065E+17,F,,
321612832,F,,
2743293411,M,,
3089388027,F,,
149205496,M,,
1152863588,M,,
435529602,F,,
169523430,M,,
358321807,F,,
122259179,F,,
3308262144,M,,
2151075041,F,,
545738250,M,,
11835212,M,,
616272054,F,,
57911587,M,,
724359440,F,,
13342982,F,,
2516314615,M,,
109957953,F,,
2197911244,M,,
45045231,M,,
1055297540,F,,
2798551179,M,,
7.04642E+17,F,,
197915110,F,,
183185916,M,,
201373006,F,,
567487989,M,,
2604376542,M,,
4517725215,F,,
33933098,M,,
2752505106,F,,
4295867839,F,,
221771774,M,,
811611757,F,,
24850198,M,,
4906670200,M,,
84875337,F,,
4766733902,M,,
3941204535,F,,
4435617194,F,,
7.33335E+17,M,,
436219503,F,,
1619221243,M,,
229519907,M,,
575390754,F,,
68668048,M,,
83776043,F,,
46741199,F,,
214124030,M,,
19968342,F,,
15650995,M,,
456184129,M,,
15007269,F,,
93735702,M,,
29207516,F,,
221463422,F,,
14498026,M,,
21160241,F,,
1295519514,M,,
25087244,M,,
49989431,F,,
7.84233E+17,M,,
543742037,F,,
2717299938,F,,
143901353,M,,
81925617,F,,
2874127983,M,,
719030791,M,,
23824476,F,,
17637584,M,,
285564031,F,,
258781911,F,,
385986441,M,,
295751809,F,,
141385502,M,,
4701786715,M,,
4133902939,F,,
65368080,M,,
1091048630,F,,
26034446,F,,
246569534,M,,
46470202,F,,
847564946,M,,
29579566,M,,
58319911,F,,
880638594,M,,
718368762,F,,
4412017879,F,,
230968607,M,,
1640736770,F,,
3025026268,M,,
1168891231,M,,
2561987932,F,,
689443,M,,
14881631,F,,
17857303,F,,
22065705,M,,
1447445948,F,,
170667264,M,,
217279145,M,,
8470242,F,,
35897341,M,,
43557159,F,,
556203794,F,,
126035165,M,,
2161691195,F,,
104494262,M,,
619897829,M,,
23422823,F,,
226735349,M,,
7.79291E+17,F,,
23149177,F,,
133676329,M,,
23850653,F,,
378076456,M,,
395028940,M,,
507360196,F,,
403948926,M,,
182757818,F,,
21265639,F,,
23452175,M,,
165073789,F,,
7.21246E+17,M,,
359169330,M,,
261274640,F,,
303123367,M,,
1141189604,F,,
417440374,F,,
2645665930,M,,
361310741,F,,
7.20648E+17,M,,
131460274,M,,
71065435,F,,
12228702,M,,
1681422211,F,,
7.90552E+17,F,,
207189742,M,,
122159107,F,,
15598558,M,,
1916791734,M,,
3540809533,F,,
565037272,M,,
141124744,F,,
399724771,F,,
48857727,M,,
342777643,F,,
15691325,M,,
25214566,M,,
1752073602,F,,
2983132720,M,,
3078052982,F,,
241735926,F,,
2548466150,M,,
1252833174,F,,
999342018,M,,
48855264,M,,
14472490,F,,
3939183493,M,,
7.53582E+17,F,,
964799808,F,,
983281195,M,,
2923088181,F,,
749747076,M,,
90831171,M,,
3241714097,F,,
1865390934,M,,
4099659113,F,,
68148241,F,,
75842615,M,,
19422030,F,,
103607051,M,,
90856120,M,,
19157202,F,,
3748708212,M,,
7.37608E+17,F,,
17804034,F,,
7.5131E+17,M,,
624701300,F,,
96495092,M,,
1028934518,M,,
71992801,F,,
457331282,M,,
833566544,F,,
746745576,F,,
592612817,M,,
2317909435,F,,
2357637074,M,,
42013343,M,,
2422427690,F,,
1214335602,M,,
24530914,F,,
75603588,F,,
238364511,M,,
280200803,F,,
91398387,M,,
2501882556,M,,
249600784,F,,
194954782,M,,
188509369,F,,
79665915,F,,
32193407,M,,
7.83002E+17,F,,
899940428,M,,
123058781,M,,
3309954151,F,,
164157058,M,,
25773642,F,,
52436759,F,,
42421429,M,,
18912992,F,,
244497804,M,,
5948982,M,,
16359947,F,,
155537738,M,,
82056678,F,,
20244677,F,,
90389307,M,,
3018271286,F,,
317771821,M,,
93109565,M,,
129697885,F,,
20633844,M,,
745963375,F,,
114712087,F,,
189968838,M,,
381925289,F,,
7378852,M,,
222449438,M,,
775262923,F,,
1241883061,M,,
2180360617,F,,
2274222559,F,,
3120281874,M,,
273346406,F,,
1451144844,M,,
7.72157E+17,M,,
7.56017E+17,F,,
416247723,M,,
66470444,F,,
1566707948,F,,
28249599,M,,
1111978806,F,,
128924589,M,,
1442257567,M,,
15797540,F,,
339264344,M,,
2832583026,F,,
28562478,F,,
23758349,M,,
594293037,F,,
15401714,M,,
558779605,M,,
7.95674E+17,F,,
145641469,M,,
7.05483E+17,F,,
173142203,F,,
43866763,M,,
20299053,F,,
4818310072,M,,
7.9107E+17,M,,
2431987241,F,,
55858730,M,,
22533553,F,,
1666337360,F,,
113988552,M,,
2935131893,F,,
2837576560,M,,
7.83284E+17,M,,
35494613,F,,
81803977,M,,
218516662,F,,
32927057,F,,
153715301,M,,
536178856,F,,
2998699971,M,,
7.74696E+17,M,,
264728194,F,,
394097716,M,,
294607130,F,,
20490825,F,,
574633767,M,,
27056183,F,,
1079912580,M,,
358265157,M,,
292071548,F,,
3141756500,M,,
7.95688E+17,F,,
24177500,F,,
2328418490,M,,
38855987,F,,
2544056160,M,,
3226056694,M,,
252516093,F,,
42223408,M,,
14518496,F,,
941329873,F,,
351233763,M,,
236144624,F,,
16101134,M,,
27071566,M,,
430321074,F,,
19026070,M,,
3028486809,F,,
301131509,F,,
72244850,M,,
22982668,F,,
2205388434,M,,
2286457988,M,,
96185933,F,,
195814998,M,,
801096320,F,,
24216944,F,,
356630390,M,,
221622379,F,,
29894847,M,,
1898668249,M,,
44441471,F,,
4144281509,M,,
197396105,F,,
712609620,F,,
385293056,M,,
3709774034,F,,
132802580,M,,
3110395221,M,,
1143623798,F,,
177279835,M,,
311519412,F,,
780926815,F,,
4077359177,M,,
563320158,F,,
394977649,M,,
4275197799,M,,
200720939,F,,
219329655,M,,
178821926,F,,
39110593,F,,
21310553,M,,
2584960714,F,,
2335975452,M,,
520645013,M,,
50619528,F,,
768287467,M,,
20138264,F,,
31094419,F,,
15615730,M,,
351776318,F,,
3254266661,M,,
320363828,M,,
30682661,F,,
853878218,M,,
2376877178,F,,
35226172,F,,
14689526,M,,
190570700,F,,
1716675360,M,,
43352250,M,,
160624276,F,,
115689804,M,,
181995668,F,,
33989747,F,,
2774671460,M,,
308067726,F,,
26635131,M,,
781553268,M,,
231139305,F,,
2907183455,M,,
40768676,F,,
2234018858,F,,
2309319691,M,,
583353351,F,,
1880596854,M,,
1101591,M,,
345406700,F,,
20489626,M,,
430493995,F,,
560573206,F,,
114062496,M,,
14511397,F,,
277189332,M,,
35447423,M,,
3090172054,F,,
21363503,M,,
253639180,F,,
23432086,F,,
1663760480,M,,
90723248,F,,
149080277,M,,
3293635331,M,,
1885983194,F,,
30164429,M,,
28627322,F,,
1386347844,F,,
22385768,M,,
942113252,F,,
1596597066,M,,
1935401510,M,,
3167681303,F,,
150532059,M,,
633260448,F,,
451426681,F,,
493476670,M,,
20473822,F,,
25815563,M,,
94809536,M,,
31343615,F,,
1118203718,M,,
28580927,F,,
58459311,F,,
256552743,M,,
432735153,F,,
44668641,M,,
201886488,M,,
4536647685,F,,
92705421,M,,
41706212,F,,
58755445,F,,
15966805,M,,
15382897,F,,
19416518,M,,
1310112145,M,,
2504948270,F,,
394036840,M,,
164955773,F,,
71629161,F,,
463147205,M,,
754921332,F,,
2608444667,M,,
637265184,M,,
2900082724,F,,
159569470,M,,
65857855,F,,
175093585,F,,
1385160163,M,,
27510625,F,,
179054039,M,,
21645556,M,,
964771512,F,,
892823126,M,,
2571866154,F,,
13740992,F,,
268043511,M,,
4869114503,F,,
25195037,M,,
7284492,M,,
1002186955,F,,
4687878373,M,,
2783422992,F,,
65445499,F,,
115908468,M,,
108883864,F,,
385225560,M,,
120555720,M,,
1526616858,F,,
4185399737,M,,
221560503,F,,
2527805071,F,,
7.64507E+17,M,,
7.95959E+17,F,,
84811314,M,,
7.95983E+17,M,,
262511433,F,,
7.32243E+17,M,,
471592068,F,,
366738085,F,,
841901120,M,,
160630312,F,,
87221932,M,,
27496143,M,,
97610175,F,,
754848602,M,,
68085362,F,,
274112548,F,,
27732663,M,,
7.95998E+17,F,,
910820724,M,,
287891080,M,,
551681039,F,,
182179968,M,,
2920941247,F,,
48944680,F,,
4557944566,M,,
90101032,F,,
2811396564,M,,
3318676735,M,,
2873102303,F,,
7.53489E+17,M,,
15105778,F,,
69951475,F,,
954785119,M,,
326029626,F,,
3336781149,M,,
5723252,M,,
14413853,F,,
516556488,M,,
7.42056E+17,F,,
398292491,F,,
277929489,M,,
44353233,F,,
88738596,M,,
3853747515,M,,
1272912847,F,,
2416321346,M,,
893188008,F,,
206632031,F,,
898162058,M,,
236486106,F,,
90014982,M,,
15378410,M,,
15621893,F,,
1396008896,M,,
15702261,F,,
137296976,F,,
7846672,M,,
228269319,F,,
157082557,M,,
387505752,M,,
23464616,F,,
7.2255E+17,M,,
4153127565,F,,
2969498045,F,,
392144565,M,,
1163326477,F,,
854950676,M,,
34210603,M,,
26485105,F,,
23830952,M,,
305743837,F,,
2994595354,F,,
53772526,M,,
19159242,F,,
2796657390,M,,
603939924,M,,
3119795147,F,,
604972614,M,,
318695981,F,,
196950879,F,,
1491042913,M,,
16073359,F,,
51905480,M,,
612578693,M,,
20538964,F,,
2872088193,M,,
4173288262,F,,
26430142,F,,
7.89689E+17,M,,
1002018746,F,,
3077621,M,,
15125017,M,,
7.96055E+17,F,,
215568590,M,,
103958741,F,,
7.2932E+17,F,,
23730399,M,,
3183453890,F,,
275426669,M,,
131126857,M,,
3741403168,F,,
305434615,M,,
329542960,F,,
116431320,F,,
353404797,M,,
14799621,F,,
889230312,M,,
44302010,M,,
268351530,F,,
1602373866,M,,
3988325908,F,,
131804147,F,,
563627820,M,,
1084312460,F,,
60634519,M,,
1331094420,M,,
41657472,F,,
974229547,M,,
86799484,F,,
7.94888E+17,F,,
277017869,M,,
7.96068E+17,F,,
36473056,M,,
259388933,M,,
2880216619,F,,
188531618,M,,
2559611154,F,,
14478142,F,,
25707603,M,,
256772298,F,,
133797586,M,,
2865621935,M,,
114342489,F,,
571557161,M,,
15256454,F,,
54716547,F,,
49144656,M,,
191904310,F,,
409283690,M,,
1066322480,M,,
18810267,F,,
48177896,M,,
1431766428,F,,
125043881,F,,
345043590,M,,
28345343,F,,
1536789132,M,,
3060203176,M,,
93844331,F,,
2325499389,M,,
381917815,F,,
361176156,F,,
30069494,M,,
20935108,F,,
376126981,M,,
112057112,M,,
5756902,F,,
63484106,M,,
46697956,F,,
253658469,F,,
180746428,M,,
886604275,F,,
132298807,M,,
20503865,M,,
28594407,F,,
473515989,M,,
14804040,F,,
14291504,F,,
558836355,M,,
1089848792,F,,
271101710,M,,
1631057065,M,,
342698681,F,,
3533658673,M,,
258933234,F,,
17323794,F,,
2478278258,M,,
28657265,F,,
96366635,M,,
46162630,M,,
79023303,F,,
271216207,M,,
103686271,F,,
449446363,F,,
23575224,M,,
827944189,F,,
3002347059,M,,
250214902,M,,
2802874982,F,,
1244072876,M,,
17656588,F,,
7.88835E+17,F,,
122824390,M,,
7.6412E+17,F,,
23116122,M,,
7.92792E+17,M,,
6546732,F,,
42884086,M,,
19980549,F,,
14338005,F,,
385528206,M,,
521294236,F,,
386805146,M,,
153985889,M,,
22146910,F,,
2307380306,M,,
1182971527,F,,
3075491106,F,,
119307352,M,,
14219242,F,,
564961562,M,,
3115576627,M,,
153250923,F,,
16406450,M,,
2549966083,F,,
134300648,F,,
125549164,M,,
38679292,F,,
552516584,M,,
20224244,M,,
1025480738,F,,
61416061,M,,
3523578387,F,,
27247006,F,,
1272524941,M,,
222723850,F,,
22613878,M,,
226850196,M,,
335150805,F,,
3314867829,M,,
19022627,F,,
347425053,F,,
88283194,M,,
65937170,F,,
579275009,M,,
320275261,M,,
36667966,F,,
476517739,M,,
35005291,F,,
2236566084,F,,
361313983,M,,
53506552,F,,
1526183060,M,,
821399311,M,,
1515611550,F,,
630450707,M,,
298726497,F,,
44896645,F,,
2154729774,M,,
7.68077E+17,F,,
62507660,M,,
34175835,M,,
588631377,F,,
15182943,M,,
75864539,F,,
329078332,F,,
7.91953E+17,M,,
20948750,F,,
175085417,M,,
4091227407,M,,
1198945374,F,,
96411400,M,,
101076998,F,,
2266880004,F,,
2800458616,M,,
1431493604,F,,
367830387,M,,
6798862,M,,
7.95647E+17,F,,
47747133,M,,
236855399,F,,
98891641,F,,
394945596,M,,
115635864,F,,
569374728,M,,
16096263,M,,
95440086,F,,
528138404,M,,
328208429,F,,
72938553,F,,
2972155870,M,,
1628265182,F,,
122415060,M,,
4264937254,M,,
325967224,F,,
34602739,M,,
102611957,F,,
7.9601E+17,F,,
164982238,M,,
498757115,F,,
3148118937,M,,
2373077611,M,,
146854424,F,,
1477351771,M,,
309890984,F,,
17126306,F,,
928582825,M,,
2195033803,F,,
399037881,M,,
19273402,M,,
41489388,F,,
2216088554,M,,
98177499,F,,
880742886,F,,
2682185777,M,,
4473210739,F,,
621122837,M,,
6444622,M,,
236649070,F,,
66737447,M,,
314686291,F,,
599531261,F,,
798620239,M,,
982064118,F,,
349033999,M,,
35811757,M,,
397439537,F,,
4758727915,M,,
136877426,F,,
726550880,F,,
97355940,M,,
182501174,F,,
237925217,M,,
4708543042,M,,
7.97108E+17,F,,
42371747,M,,
320909030,F,,
141271246,F,,
577095720,M,,
61212285,F,,
3378554417,M,,
19181844,M,,
46898921,F,,
24595213,M,,
15512995,F,,
779492010,F,,
46632791,M,,
82540032,F,,
1688175043,M,,
68279679,M,,
225664678,F,,
32167638,M,,
716850865,F,,
918742332,F,,
241997922,M,,
494209673,F,,
508084280,M,,
381335338,M,,
7.70606E+17,F,,
65138263,M,,
2618842076,F,,
213060183,F,,
16464218,M,,
583441494,F,,
156198324,M,,
3339277875,M,,
581116722,F,,
361615296,M,,
19764998,F,,
347560553,F,,
545272193,M,,
183154868,F,,
21005195,M,,
2273329645,M,,
2166638604,F,,
14179329,M,,
313560239,F,,
494206677,F,,
23168294,M,,
125650028,F,,
851645053,M,,
252352391,M,,
14943648,F,,
142245903,M,,
208290586,F,,
216233305,F,,
9238852,M,,
2671534411,F,,
281911333,M,,
7.38077E+17,M,,
57764758,F,,
2381737553,M,,
245559934,F,,
353899980,F,,
7.74544E+17,M,,
14775460,F,,
34338886,M,,
319125721,M,,
275649940,F,,
61538591,M,,
76584269,F,,
166473207,F,,
96930446,M,,
3131039308,F,,
23048016,M,,
1577510622,M,,
7.28704E+17,F,,
1298178577,M,,
255613732,F,,
7.88133E+17,F,,
54477310,M,,
19230970,F,,
103596223,M,,
26103360,M,,
71548087,F,,
64203120,M,,
516304987,F,,
146366224,F,,
241148749,M,,
47560962,F,,
165085783,M,,
157754047,M,,
162340562,F,,
729370670,M,,
216460216,F,,
3014240350,F,,
3879021226,M,,
2921269699,F,,
18017497,M,,
255584314,M,,
77433338,F,,
25318115,M,,
1417638818,F,,
90212179,F,,
1844190636,M,,
21850314,F,,
361497049,M,,
553031167,M,,
302787205,F,,
1454746249,M,,
2222698471,F,,
2369922028,F,,
1342890242,M,,
145299291,F,,
105380969,M,,
8699612,M,,
902571277,F,,
7.19446E+17,M,,
2906630166,F,,
7.58859E+17,F,,
187116378,M,,
2562289441,F,,
27404471,M,,
567602439,M,,
158026443,F,,
2438443749,M,,
217888370,F,,
42043027,F,,
229489271,M,,
1327014067,F,,
123986777,M,,
305562060,M,,
188397745,F,,
126899504,M,,
229286414,F,,
33572294,F,,
12241062,M,,
47894846,F,,
377866568,M,,
70479645,M,,
764079794,F,,
17000855,M,,
2608208330,F,,
282683778,F,,
211600231,M,,
95380006,F,,
461595055,M,,
362766414,M,,
3075575168,F,,
7.35171E+17,M,,
3864307895,F,,
234427381,F,,
857286540,M,,
7.50162E+17,F,,
24328214,M,,
2346810774,M,,
7.96919E+17,F,,
7.23447E+17,M,,
1171440462,F,,
251862943,F,,
342665159,M,,
259311264,F,,
17187670,M,,
16387631,M,,
16082982,F,,
17757282,M,,
255670226,F,,
41649344,F,,
1118151961,M,,
51786873,F,,
23497718,M,,
6090642,M,,
25579093,F,,
51395884,M,,
93964759,F,,
24166540,F,,
7.55083E+17,M,,
48040595,F,,
63919977,M,,
11798342,M,,
319104368,F,,
2955606547,M,,
61645110,F,,
23319527,F,,
176117605,M,,
85689253,F,,
44138598,M,,
417076593,M,,
31380384,F,,
2491153886,M,,
251295443,F,,
2526234165,F,,
3380629378,M,,
87087057,F,,
544573543,M,,
85167720,M,,
514784292,F,,
2392733896,M,,
7.02164E+17,F,,
556734588,F,,
108743064,M,,
1228051986,F,,
307360094,M,,
2901505328,M,,
37031664,F,,
317578850,M,,
30747247,F,,
611144567,F,,
14270441,M,,
227765308,F,,
271211673,M,,
54204517,M,,
30839985,F,,
227778757,M,,
29632854,F,,
558197416,F,,
3301499319,M,,
20142261,F,,
56629665,M,,
2473033850,M,,
7.97508E+17,F,,
3232151900,M,,
95119628,F,,
53364633,F,,
348484311,M,,
38219876,F,,
550250804,M,,
27406845,M,,
7.52446E+17,F,,
103091168,M,,
270942939,F,,
449167563,F,,
1660953337,M,,
724043072,F,,
456890740,M,,
4739186597,M,,
49576954,F,,
3293619897,M,,
248009855,F,,
50692708,F,,
14714640,M,,
848267570,F,,
2531506076,M,,
532130811,M,,
24544757,F,,
21651074,M,,
21000531,F,,
545872232,F,,
1722723162,M,,
522768886,F,,
95410607,M,,
277677696,M,,
1247387130,F,,
1387267123,M,,
7.46695E+17,F,,
7.7112E+17,F,,
1548937333,M,,
858441744,F,,
1203174451,M,,
1711776426,M,,
14174259,F,,
315896451,M,,
209542391,F,,
703924902,F,,
47687512,M,,
393944957,F,,
40552570,M,,
220411007,M,,
18438538,F,,
755080,M,,
192548875,F,,
319061349,F,,
52452960,M,,
3236138867,F,,
415019975,M,,
410965903,M,,
90911580,F,,
2800223095,M,,
11579862,F,,
42084462,F,,
9614422,M,,
494325849,F,,
21145162,M,,
1976287740,M,,
2528223968,F,,
557978237,M,,
267423926,F,,
23367000,F,,
121318872,M,,
286743424,F,,
215054776,M,,
89697010,M,,
12990382,F,,
7.52849E+17,M,,
2365043832,F,,
27495132,F,,
861323772,M,,
3257076961,F,,
277753847,M,,
157978194,M,,
17836921,F,,
2397689268,M,,
7.42382E+17,F,,
3150289771,F,,
1600786148,M,,
8803432,F,,
28314729,M,,
7.89691E+17,M,,
4893071304,F,,
14700303,M,,
18775623,F,,
348829793,F,,
42733929,M,,
69484226,F,,
3084947981,M,,
22770097,M,,
15198621,F,,
781212698,M,,
943276956,F,,
358929393,F,,
4214204713,M,,
944969299,F,,
15505194,M,,
43679357,M,,
176095861,F,,
21796074,M,,
16543736,F,,
32068339,F,,
22454611,M,,
14850093,F,,
595728279,M,,
1222472503,M,,
466587271,F,,
2734836958,M,,
20538918,F,,
25805398,F,,
2323965066,M,,
568997840,F,,
1466110303,M,,
7.16422E+17,M,,
376257732,F,,
85780379,M,,
217198836,F,,
3742475534,F,,
873296534,M,,
26002541,F,,
440112217,M,,
799399130,M,,
351123880,F,,
7.37859E+17,M,,
25338634,F,,
128257538,F,,
7.19332E+17,M,,
216284532,F,,
104549508,M,,
883435735,M,,
1117035426,F,,
100049952,M,,
242931055,F,,
7.91166E+17,F,,
296356561,M,,
7.17748E+17,F,,
542785859,M,,
21234862,M,,
1589158129,F,,
288616007,M,,
144054572,F,,
92923106,F,,
19533744,M,,
14873714,F,,
922362608,M,,
44106580,M,,
3898341375,F,,
4647236601,M,,
79590645,F,,
808338818,F,,
410791784,M,,
330075667,F,,
97781741,M,,
3308671617,M,,
247788684,F,,
27340833,M,,
39217139,F,,
30949647,F,,
443620080,M,,
325527178,F,,
72844074,M,,
117560528,M,,
216660177,F,,
54528620,M,,
785653,F,,
11037952,F,,
3223932968,M,,
64555987,F,,
2725396884,M,,
437001171,M,,
14751142,F,,
50358415,M,,
332899706,F,,
4619005656,F,,
1422404605,M,,
2755015264,F,,
27426298,M,,
190020863,M,,
5979042,F,,
20869961,M,,
52110780,F,,
40128465,F,,
2995736386,M,,
7.98143E+17,F,,
31224604,M,,
744869017,M,,
276434233,F,,
286122382,M,,
946760586,F,,
272995993,F,,
370500323,M,,
133463777,F,,
457678620,M,,
7.97261E+17,M,,
570103667,F,,
295614902,M,,
21757700,F,,
3245093197,F,,
7.86826E+17,M,,
2519672255,F,,
17704691,M,,
7.15999E+17,M,,
197914951,F,,
538160189,M,,
14750654,F,,
2383422907,F,,
7.61839E+17,M,,
13789392,F,,
371729504,M,,
368787683,M,,
19585408,F,,
2690680790,M,,
1543065206,F,,
20624053,F,,
27830952,M,,
115487106,F,,
155580590,M,,
161705768,M,,
57493418,F,,
7.98245E+17,M,,
959783083,F,,
35989093,F,,
3154978622,M,,
64073573,F,,
50804007,M,,
4764522918,M,,
474807036,F,,
108139168,M,,
18990027,F,,
4811140587,F,,
250182550,M,,
279596242,F,,
221111147,M,,
17248402,M,,
167760162,F,,
22620182,M,,
177603947,F,,
68270085,F,,
561449171,M,,
319672097,F,,
7.25788E+17,M,,
352692105,M,,
1230093582,F,,
2971762210,M,,
6382412,F,,
520562823,F,,
7.98265E+17,M,,
26300486,F,,
258077403,M,,
7.74224E+17,M,,
16927781,F,,
226708917,M,,
16790101,F,,
3027673627,F,,
43202905,M,,
3025478429,F,,
22156838,M,,
2304793073,M,,
1870505275,F,,
3379553531,M,,
213667522,F,,
152239459,F,,
267266289,M,,
490268144,F,,
97534492,M,,
367539891,M,,
126275079,F,,
20940696,M,,
7842092,F,,
102098295,F,,
1464721,M,,
360659460,F,,
91451275,M,,
56126488,M,,
176923496,F,,
20725104,M,,
1341139117,F,,
39547724,F,,
19869133,M,,
81449152,F,,
177649464,M,,
2528477549,M,,
17207272,F,,
3234094484,M,,
15737594,F,,
1324097502,F,,
53550098,M,,
17055218,F,,
109957012,M,,
34916196,M,,
117163213,F,,
93036950,M,,
115477169,F,,
217478505,F,,
173449565,M,,
72958325,F,,
459414811,M,,
432631977,M,,
51787031,F,,
7.82901E+17,M,,
25547524,F,,
91858249,F,,
150627187,M,,
60145892,F,,
1149291,M,,
249520069,M,,
1111512332,F,,
93680887,M,,
355118296,F,,
39481349,F,,
39034193,M,,
134224628,F,,
64743971,M,,
21901481,M,,
84043963,F,,
22521482,M,,
716858894,F,,
87177444,F,,
404436447,M,,
796428966,F,,
2347280246,M,,
434558465,M,,
22563632,F,,
20275190,M,,
46650229,F,,
3147697390,F,,
39676291,M,,
139165916,F,,
259519790,M,,
268535433,M,,
21391898,F,,
18462436,M,,
7.76868E+17,F,,
17347849,F,,
318051536,M,,
160435815,F,,
20545576,M,,
236779140,M,,
129120198,F,,
22369099,M,,
14943592,F,,
16002149,F,,
43760416,M,,
174933353,F,,
296102483,M,,
19383954,M,,
1639136594,F,,
14457833,M,,
41651301,F,,
381370193,F,,
20942419,M,,
2541708894,F,,
59553464,M,,
16159321,M,,
7.81596E+17,F,,
19303702,M,,
386603440,F,,
306349842,F,,
1549113302,M,,
30055872,F,,
144781839,M,,
171240785,M,,
48450018,F,,
18807516,M,,
2176387967,F,,
106226202,F,,
45659327,M,,
2881248985,F,,
7.83694E+17,M,,
367905176,M,,
537274283,F,,
100856463,M,,
2196597495,F,,
307026383,F,,
130365577,M,,
112985258,F,,
328355214,M,,
18774780,M,,
22303606,F,,
20086466,M,,
16293078,F,,
22129918,F,,
616447014,M,,
500147183,F,,
1688112752,M,,
4874294056,M,,
7.3267E+17,F,,
8864572,M,,
96631103,F,,
33763825,F,,
243929223,M,,
410966708,F,,
2414585990,M,,
5371602,M,,
67412476,F,,
101381642,M,,
7.03274E+17,F,,
1433151373,F,,
18499269,M,,
14664983,F,,
369724927,M,,
308095918,M,,
38976197,F,,
559985798,M,,
37302778,F,,
2835401918,F,,
163963199,M,,
629790491,F,,
1894226707,M,,
457415010,M,,
87093720,F,,
4794504674,M,,
357401070,F,,
2861463970,F,,
28559574,M,,
39108601,F,,
121991229,M,,
994752650,M,,
7.18156E+17,F,,
225238649,M,,
69755865,F,,
4539304393,F,,
614522642,M,,
1543201405,F,,
71279127,M,,
413488100,M,,
7.1537E+17,F,,
2750197015,M,,
257533576,F,,
428190299,F,,
7.98848E+17,M,,
55369308,F,,
2214797696,M,,
83636706,M,,
90495964,F,,
24038624,M,,
2790856567,F,,
36297302,F,,
2402132041,M,,
444100991,F,,
247724605,M,,
8740862,M,,
240081508,F,,
65790471,M,,
72036571,F,,
566379370,F,,
1870500607,M,,
45559550,F,,
309757122,M,,
351806152,M,,
7.89937E+17,F,,
39890603,M,,
3028048097,F,,
707026269,F,,
272125098,M,,
7.21786E+17,F,,
49066801,M,,
100339412,M,,
271641644,F,,
131875240,M,,
571839701,F,,
350388660,F,,
532095415,M,,
50601606,F,,
93693594,M,,
3259730341,M,,
100414514,F,,
7.98533E+17,M,,
173143092,F,,
562366927,F,,
4235379560,M,,
833345197,F,,
1124757457,M,,
2841151,M,,
7.87917E+17,F,,
840539215,M,,
17084827,F,,
4149786681,F,,
263063213,M,,
13476,F,,
7.27561E+17,M,,
433323017,M,,
222950110,F,,
39143913,M,,
78216781,F,,
15190396,F,,
2790046598,M,,
302648885,F,,
362860027,M,,
22668418,M,,
299621613,F,,
585904856,M,,
7.57002E+17,F,,
422289251,F,,
561635424,M,,
188048561,F,,
7.93611E+17,M,,
1126818205,M,,
2920029551,F,,
932656033,M,,
45151921,F,,
401011569,F,,
7.68817E+17,M,,
427732030,F,,
3112329991,M,,
1200603446,M,,
1098487784,F,,
7.03795E+17,M,,
1342169138,F,,
387707304,F,,
1368629880,M,,
274962690,F,,
103464555,M,,
603129960,M,,
39189100,F,,
7.42318E+17,M,,
102357306,F,,
376641182,F,,
416613533,M,,
2708504166,F,,
401417703,M,,
2436478914,M,,
30420973,F,,
216663544,M,,
3022121611,F,,
413904346,F,,
1239473694,M,,
1202674068,F,,
3318894126,M,,
7.6832E+17,M,,
142202059,F,,
2307975359,M,,
27847210,F,,
100468594,F,,
2978509899,M,,
4881013240,F,,
2745156795,M,,
134810256,M,,
2437510734,F,,
199207325,M,,
36328605,F,,
411343806,F,,
807283112,M,,
7.71359E+17,F,,
24585018,M,,
68716925,M,,
22931421,F,,
7.47496E+17,M,,
120487125,F,,
203525025,F,,
15601717,M,,
163170036,F,,
962231755,M,,
2347127078,M,,
15289170,F,,
426482020,M,,
172524748,F,,
589136523,F,,
305857840,M,,
35424334,F,,
38483405,M,,
2838870535,M,,
1964114473,F,,
488315933,M,,
1021201022,F,,
1100876221,F,,
1142012113,M,,
2235597007,F,,
204431120,M,,
345876460,M,,
2409373158,F,,
147917902,M,,
2996230871,F,,
1375840513,F,,
1426169557,M,,
1451301258,F,,
1036308488,M,,
11921652,M,,
50161259,F,,
20758545,M,,
6438972,F,,
47678631,F,,
7.83171E+17,M,,
337245834,F,,
70730074,M,,
230188261,M,,
20358234,F,,
359026224,M,,
6429282,F,,
6836922,F,,
308360852,M,,
271998432,F,,
1959727118,M,,
949371420,M,,
7.52173E+17,F,,
57842789,M,,
51062231,F,,
20585607,F,,
4230218615,M,,
166639440,F,,
19169076,M,,
70115193,M,,
260259473,F,,
75684570,M,,
254758221,F,,
94583597,F,,
234533874,M,,
260303641,F,,
141982530,M,,
175745790,M,,
2296482313,F,,
87422232,M,,
1724102322,F,,
3336757245,F,,
724189970,M,,
176357673,F,,
583640509,M,,
1578211250,M,,
7.59836E+17,F,,
3404642662,M,,
142336132,F,,
3377092467,F,,
4297936101,M,,
2994094181,F,,
160671279,M,,
7.30805E+17,M,,
219659582,F,,
347748696,M,,
63969944,F,,
29728106,F,,
384176726,M,,
74750919,F,,
76070501,M,,
4898726015,M,,
339864755,F,,
1151687198,M,,
3145509142,F,,
1154173362,F,,
307277058,M,,
20754085,F,,
296091321,M,,
65798263,M,,
14579180,F,,
19183252,M,,
45854707,F,,
1331382218,F,,
4927024383,M,,
1471351405,F,,
7.87955E+17,M,,
115183776,M,,
1149784848,F,,
496421780,M,,
6.96455E+17,F,,
128488970,F,,
4558888055,M,,
272464645,F,,
17089287,M,,
405571289,M,,
37946234,F,,
445000916,M,,
1000196282,F,,
1332619080,F,,
19466684,M,,
100054985,F,,
354420398,M,,
141825371,M,,
4119838889,F,,
362570313,M,,
432640011,F,,
29564945,F,,
44579937,M,,
400160847,F,,
1189778617,M,,
7.76053E+17,M,,
2811064347,F,,
403583420,M,,
52882287,F,,
17723801,F,,
1661750371,M,,
2663691679,F,,
1886749518,M,,
100492517,M,,
280219418,F,,
127661496,M,,
204014561,F,,
163312261,F,,
15994251,M,,
248235102,F,,
468930314,M,,
136309879,M,,
2474742326,F,,
31185223,M,,
73776973,F,,
171850503,F,,
16811143,M,,
162537044,F,,
46695189,M,,
192038647,M,,
209702451,F,,
532670919,M,,
608713118,F,,
2826533876,F,,
14641347,M,,
1176304364,F,,
3294994543,M,,
119882978,M,,
390715688,F,,
184327617,M,,
1974766471,F,,
2890200662,F,,
1182576343,M,,
465813458,F,,
135502850,M,,
541225785,M,,
17812154,F,,
2278059685,M,,
74783759,F,,
28798043,F,,
270375787,M,,
11346592,F,,
49449084,M,,
32610814,M,,
483534529,F,,
40040544,M,,
13115722,F,,
523766861,F,,
18727375,M,,
509562394,F,,
1438929086,M,,
3221481337,M,,
1001811912,F,,
7.73837E+17,M,,
18365861,F,,
1971702318,F,,
104940730,M,,
17516862,F,,
22420712,M,,
80940944,M,,
102453470,F,,
23323328,M,,
302140545,F,,
54653562,F,,
2809021005,M,,
2259952085,F,,
706566780,M,,
613397647,M,,
23846387,F,,
2352468495,M,,
20023001,F,,
302494107,F,,
741122089,M,,
238865844,F,,
1317501266,M,,
2601361880,M,,
2386387016,F,,
145173032,M,,
298032377,F,,
18374624,F,,
20949326,M,,
721033320,F,,
14623584,M,,
75590204,M,,
245974375,F,,
66483383,M,,
7.02926E+17,F,,
14207831,F,,
3793208116,M,,
21352952,F,,
46710008,M,,
43098053,M,,
436735777,F,,
268840105,M,,
733420123,F,,
88667806,F,,
7.06916E+17,M,,
63519694,F,,
71308901,M,,
3126644265,M,,
7.94008E+17,F,,
1036909446,M,,
19585689,F,,
19241818,F,,
7.27608E+17,M,,
300347019,F,,
47334501,M,,
2748575021,M,,
274498719,F,,
1474235352,M,,
244877786,F,,
40817603,F,,
52153129,M,,
98376265,F,,
1410524233,M,,
39981806,M,,
3501914299,F,,
19064035,M,,
20102540,F,,
27861041,F,,
20677803,M,,
7.24406E+17,F,,
75021813,M,,
14674489,M,,
616764708,F,,
81051961,M,,
3234224554,F,,
236698395,F,,
50978209,M,,
84665487,F,,
2447979388,M,,
20110100,M,,
303050486,F,,
130880279,M,,
1411316072,F,,
2382556428,F,,
1887321529,M,,
3983451,F,,
61000189,M,,
394901408,M,,
2386909909,F,,
182798124,M,,
97881047,F,,
231233965,F,,
17704456,M,,
230699246,F,,
362037835,M,,
2666930880,M,,
1311229880,F,,
27104864,M,,
7.36942E+17,F,,
631922808,F,,
134441618,M,,
2857602875,F,,
546341968,M,,
2204688295,M,,
176594328,F,,
69316878,M,,
414199689,F,,
565729091,F,,
3010608646,M,,
2531044879,F,,
160207018,M,,
37954509,M,,
286878865,F,,
462183860,M,,
3223924074,F,,
451351464,F,,
23351567,M,,
4830373930,F,,
2148935052,M,,
100812916,M,,
3491410174,F,,
7.11912E+17,M,,
202408813,F,,
85671767,F,,
2455443731,M,,
7.41736E+17,F,,
2810379978,M,,
200161095,M,,
7.17874E+17,F,,
56059079,M,,
3258909594,F,,
577875585,F,,
38803772,M,,
54661186,F,,
487585873,M,,
85128221,M,,
75926289,F,,
271780092,M,,
49577715,F,,
2214993290,F,,
3016905330,M,,
2877029784,F,,
15425623,M,,
182870719,M,,
1442384731,F,,
768856,M,,
14395933,F,,
1719443911,F,,
3410461455,M,,
1191357403,F,,
424817850,M,,
84303818,M,,
2333986655,F,,
1406113056,M,,
148965893,F,,
19059957,F,,
196309405,M,,
158477287,F,,
62882873,M,,
7.14358E+17,M,,
150359654,F,,
19935499,M,,
1671883141,F,,
411518320,F,,
14874668,M,,
3190925202,F,,
2987267241,M,,
872709084,M,,
186780458,F,,
2586634320,M,,
2522487799,F,,
7.56912E+17,F,,
111327910,M,,
121843006,F,,
273571191,M,,
582981837,M,,
14628431,F,,
2419698139,M,,
20440954,F,,
462129514,F,,
7.09958E+17,M,,
15115595,F,,
16554812,M,,
2424105440,M,,
108515417,F,,
351687001,M,,
40435842,F,,
765878594,F,,
14919697,M,,
194235018,F,,
7.75761E+17,M,,
26098474,M,,
636403583,F,,
220351462,M,,
29835008,F,,
116743167,F,,
55599346,M,,
729613069,F,,
369455905,M,,
30992650,M,,
73518272,F,,
29944970,M,,
67008051,F,,
821754,F,,
3428866408,M,,
294783981,F,,
33999732,M,,
19667982,M,,
21553468,F,,
2325986832,M,,
985488008,F,,
234734455,F,,
337037506,M,,
224131376,F,,
23546932,M,,
150627558,M,,
4104563953,F,,
1968680929,M,,
21716485,F,,
163000247,F,,
82282101,M,,
41440120,F,,
50031538,M,,
19493996,M,,
109078643,F,,
2457511662,M,,
1089744487,F,,
50840885,F,,
192716218,M,,
44544430,F,,
126198197,M,,
215234691,M,,
4706170160,F,,
3295873235,M,,
23637312,F,,
362107927,F,,
189757474,M,,
86338748,F,,
363083937,M,,
802170450,M,,
20433550,F,,
3066866387,M,,
617939434,F,,
20149406,F,,
2325520489,M,,
59679253,F,,
2221463849,M,,
2936795944,M,,
851509518,F,,
366433397,M,,
475286920,F,,
1335117152,F,,
357675381,M,,
2745563227,F,,
232254662,M,,
7.89101E+17,M,,
27840856,F,,
1894314398,M,,
106546836,F,,
467330944,F,,
231242626,M,,
52867382,F,,
2372829579,M,,
64847604,M,,
66205268,F,,
388201143,M,,
320989396,F,,
7.03177E+17,F,,
2789078416,M,,
111618370,F,,
3146735425,M,,
437137140,M,,
7.34563E+17,F,,
123786840,M,,
518082535,F,,
7.54615E+17,F,,
2203777177,M,,
7.31106E+17,F,,
223831554,M,,
50806371,M,,
46921021,F,,
2358968898,M,,
804709879,F,,
20175594,F,,
4867201349,M,,
130562268,F,,
456626222,M,,
360958018,M,,
27226843,F,,
1628707292,M,,
3313953347,F,,
313007804,F,,
354568770,M,,
198280861,F,,
239930106,M,,
324356017,M,,
1690554211,F,,
3234505548,M,,
2353497608,F,,
7.18148E+17,F,,
1125508832,M,,
2538269001,F,,
310982277,M,,
398764645,M,,
18862091,F,,
3529450754,M,,
545766641,F,,
7.0196E+17,F,,
80467416,M,,
359166210,F,,
459525738,M,,
180951047,M,,
108623154,F,,
43745768,M,,
104474276,F,,
4892425227,F,,
9936112,M,,
709304977,F,,
1236535040,M,,
18220706,M,,
51705596,F,,
558055764,M,,
17660203,F,,
177602645,F,,
27515564,M,,
938956316,F,,
3550255215,M,,
23831269,M,,
262505398,F,,
311141365,M,,
15142607,F,,
95632269,F,,
315847121,M,,
2177400811,F,,
7.3595E+17,M,,
464894610,M,,
35651309,F,,
7.84842E+17,M,,
94713291,F,,
353946637,F,,
23463042,M,,
18435372,F,,
530991166,M,,
448198240,M,,
147466515,F,,
29556607,M,,
2163554173,F,,
19561280,F,,
629386380,M,,
24274762,F,,
2739083399,M,,
17893066,M,,
77238643,F,,
14485559,M,,
48229732,F,,
372078518,F,,
5514852,M,,
91489196,F,,
44602971,M,,
15381530,M,,
7.85336E+17,F,,
247129746,M,,
285198348,F,,
1142708088,F,,
23987086,M,,
54692356,F,,
3152925899,M,,
219972908,M,,
15719115,F,,
39236354,M,,
2920314764,F,,
56783725,F,,
400974596,M,,
263702645,F,,
463873324,M,,
136436560,M,,
42674100,F,,
2359888806,M,,
145874524,F,,
7.74276E+17,F,,
1306172023,M,,
426789868,F,,
2448319279,M,,
55693415,M,,
2233256971,F,,
79697957,M,,
62814508,F,,
3312418358,F,,
102404229,M,,
42514015,F,,
10676462,M,,
72573,M,,
353661043,F,,
35052433,M,,
286235883,F,,
1341265634,F,,
1432735982,M,,
1267884572,F,,
2763269797,M,,
318392592,M,,
24695389,F,,
174116522,M,,
332932185,F,,
8.00008E+17,F,,
1406012990,M,,
125271226,F,,
2685945696,M,,
8.00013E+17,M,,
281331624,F,,
22209374,M,,
2561996790,F,,
68553165,F,,
18990229,M,,
87778658,F,,
937386000,M,,
346821008,M,,
7.00914E+17,F,,
25178941,M,,
214049826,F,,
2288667011,F,,
8.0003E+17,M,,
16446755,F,,
6125442,M,,
30498075,M,,
54303638,F,,
36302301,M,,
43623328,F,,
531647275,F,,
762703321,M,,
18347016,F,,
2335238040,M,,
197987603,M,,
36087548,F,,
259958445,M,,
237326469,F,,
7.7251E+17,F,,
1337220458,M,,
18339499,F,,
277514568,M,,
14788643,M,,
15435643,F,,
133331869,M,,
7.13411E+17,F,,
392979982,F,,
20146280,M,,
35351010,F,,
44331382,M,,
2896806238,M,,
17405012,F,,
19902151,M,,
8.0007E+17,F,,
7795092,F,,
1118925529,M,,
470481043,F,,
541924628,M,,
176880919,M,,
17718528,F,,
7.98975E+17,M,,
39766228,F,,
2940118313,F,,
1252182044,M,,
23612270,F,,
778722474,M,,
1122913464,M,,
156060699,F,,
3178584881,M,,
2344654473,F,,
3065043675,F,,
2969821001,M,,
3296969429,F,,
295914126,M,,
729118616,M,,
2871931827,F,,
19711802,M,,
7.41767E+17,F,,
3050694503,F,,
440374871,M,,
764956609,F,,
813912673,M,,
58878430,M,,
1418181036,F,,
600461531,M,,
3897672857,F,,
28834961,F,,
7.37119E+17,M,,
426690113,F,,
379326796,M,,
1600602589,M,,
399537469,F,,
61751514,M,,
56141349,F,,
26229798,F,,
7.41559E+17,M,,
2966696381,F,,
22146994,M,,
30695736,M,,
2488667779,F,,
1563419432,M,,
605164440,F,,
15428835,F,,
26503214,M,,
1307695656,F,,
163289933,M,,
260369563,M,,
256444816,F,,
288471472,M,,
274009512,F,,
118934371,F,,
56937718,M,,
2198497396,F,,
22371039,M,,
1074350893,M,,
20385487,F,,
7.86297E+17,M,,
23029619,F,,
2804124909,F,,
413029705,M,,
15706176,F,,
2859701,M,,
3295839460,M,,
1648042608,F,,
388488683,M,,
23153717,F,,
1484214871,F,,
3177063691,M,,
372419089,F,,
99585597,M,,
1250127331,M,,
233312787,F,,
21994406,M,,
53428538,F,,
252253953,F,,
89854308,M,,
112260814,F,,
3229780178,M,,
303571901,M,,
2574384075,F,,
14482449,M,,
358553200,F,,
7.21517E+17,F,,
39453137,M,,
11706452,F,,
165612240,M,,
1431216638,M,,
2369633411,F,,
430809048,M,,
3081295815,F,,
283334613,F,,
552885703,M,,
549814903,F,,
472489822,M,,
28470566,M,,
15506142,F,,
1361280048,M,,
213917715,F,,
1018357106,F,,
40579242,M,,
46719444,F,,
575936418,M,,
31336494,M,,
2554609460,F,,
2546490091,M,,
184279729,F,,
33252526,F,,
3051678036,M,,
525954482,F,,
547837199,M,,
4119844480,M,,
345772038,F,,
338064537,M,,
142965641,F,,
305962586,F,,
102051985,M,,
998124780,F,,
3284705058,M,,
172256673,M,,
10766,F,,
7.1949E+17,M,,
138508778,F,,
18419676,F,,
176780438,M,,
272773145,F,,
15541644,M,,
31192429,M,,
705096776,F,,
2354415577,M,,
3433143912,F,,
170900763,F,,
392214845,M,,
174731651,F,,
1180696620,M,,
615740736,M,,
16453403,F,,
210462093,M,,
7.5525E+17,F,,
305586681,F,,
357587671,M,,
123395375,F,,
3892397657,M,,
59049313,M,,
2950644171,F,,
3011852838,M,,
48062543,F,,
266253359,F,,
901548582,M,,
20895205,F,,
7.27015E+17,M,,
236232616,M,,
83611804,F,,
60761780,M,,
401161236,F,,
3266548591,F,,
3267792744,M,,
46663356,F,,
560133053,M,,
343594988,M,,
2184528630,F,,
4126939212,M,,
3314749976,F,,
16606729,F,,
3181077277,M,,
15509365,F,,
798486528,M,,
25429629,M,,
114130230,F,,
1573702586,M,,
194671239,F,,
107000096,F,,
15855472,M,,
85103117,F,,
2834315883,M,,
121735661,M,,
136149094,F,,
1008060450,M,,
65671766,F,,
14734628,F,,
325539957,M,,
35409565,F,,
102693073,M,,
2361238934,M,,
3072746393,F,,
84244507,M,,
41087636,F,,
220146294,F,,
89387618,M,,
2849750228,F,,
8.00254E+17,M,,
1062363906,M,,
283536994,F,,
21205770,M,,
1567605745,F,,
191715267,F,,
2512416025,M,,
1650635150,F,,
1086521000,M,,
1412117684,M,,
7.35773E+17,F,,
294643011,M,,
991586528,F,,
499189122,F,,
926503100,M,,
991453406,F,,
21255461,M,,
97207982,M,,
77475480,F,,
513440750,M,,
99487477,F,,
103806631,F,,
62593407,M,,
78846651,F,,
2329223456,M,,
66303237,M,,
339832957,F,,
329311529,M,,
186396137,F,,
46182315,F,,
2960615859,M,,
3742966155,F,,
41338557,M,,
1919676506,M,,
2230205780,F,,
2513763727,M,,
558637678,F,,
1219487846,F,,
4382170643,M,,
54149487,F,,
280615672,M,,
26915435,M,,
2190895568,F,,
2993436715,M,,
24877304,F,,
2207960883,F,,
576407624,M,,
16950004,F,,
174330911,M,,
198569143,M,,
14742294,F,,
14236062,M,,
193235019,F,,
37427112,F,,
59858166,M,,
3227268308,F,,
1057665338,M,,
2850354907,M,,
503768825,F,,
1099337910,M,,
1384473733,F,,
27213120,F,,
336926278,M,,
1341621092,F,,
584718381,M,,
439456118,M,,
159263436,F,,
19016723,M,,
284157036,F,,
15787103,F,,
749279630,M,,
549472967,F,,
367730005,M,,
4655632529,M,,
88292193,F,,
40679962,M,,
25106749,F,,
7.14411E+17,F,,
351511746,M,,
1517391378,F,,
3409148482,M,,
235256727,M,,
105833961,F,,
23453831,M,,
100736255,F,,
17833288,F,,
82408713,M,,
3365770655,F,,
40587458,M,,
32947886,M,,
2217949208,F,,
20250863,M,,
2877527307,F,,
2400350624,F,,
175343365,M,,
3492828133,F,,
288858454,M,,
44925306,M,,
14529167,F,,
372417112,M,,
180014124,F,,
2569727633,F,,
277171700,M,,
50294443,F,,
777549258,M,,
4264297743,M,,
3834264970,F,,
1895193422,M,,
15485578,F,,
28020360,F,,
43047860,M,,
17214068,F,,
17222771,M,,
259878118,M,,
1904855725,F,,
46165529,M,,
29575514,F,,
58427247,F,,
3379619679,M,,
20843034,F,,
2519967950,M,,
94343337,M,,
387400640,F,,
1231623577,M,,
175408947,F,,
2326570559,F,,
313555125,M,,
38240110,F,,
3240996641,M,,
7.72002E+17,M,,
22755173,F,,
315874821,M,,
58544041,F,,
2462408257,F,,
946467277,M,,
69642979,F,,
1635662430,M,,
3310450169,M,,
191023805,F,,
16267103,M,,
2251217125,F,,
289820134,F,,
15778256,M,,
33867511,F,,
7.10966E+17,M,,
31734795,M,,
75810365,F,,
287507644,M,,
375869690,F,,
26580403,F,,
1350309146,M,,
26868028,F,,
3265817404,M,,
7959232,M,,
7.59078E+17,F,,
15855611,M,,
86524944,F,,
69329991,F,,
1553335416,M,,
319263865,F,,
39941523,M,,
377038855,M,,
4062613199,F,,
898243878,M,,
269668728,F,,
33823980,F,,
15151130,M,,
146474152,F,,
2698048315,M,,
17001077,M,,
7.58271E+17,F,,
843646129,M,,
97826794,F,,
294662446,F,,
537228017,M,,
4034191077,F,,
397583631,M,,
224221367,M,,
476779298,F,,
128567981,M,,
7.95994E+17,F,,
1399656060,F,,
317235089,M,,
8893542,F,,
35890164,M,,
282585489,M,,
273174529,F,,
87540344,M,,
4818190945,F,,
383913730,F,,
237992556,M,,
2380004989,F,,
473979454,M,,
94971943,M,,
94410491,F,,
1716777709,M,,
38315571,F,,
89980430,F,,
3119433189,M,,
131499245,F,,
354611961,M,,
592952908,M,,
23422003,F,,
266200679,M,,
1201417339,F,,
461108425,F,,
2811506728,M,,
4184366817,F,,
327014020,M,,
543471698,M,,
29848419,F,,
78055287,M,,
561409918,F,,
1341576906,F,,
57288504,M,,
7.61804E+17,F,,
26437630,M,,
497265652,M,,
298927029,F,,
7.86326E+17,M,,
8244532,F,,
302134862,F,,
51304946,M,,
250322589,F,,
7.11572E+17,M,,
3383049221,M,,
496295882,F,,
7.01434E+17,M,,
863823704,F,,
19561081,F,,
132710839,M,,
387870914,F,,
198896010,M,,
140738682,M,,
123025723,F,,
577565852,M,,
15813022,F,,
109925929,F,,
337668968,M,,
2595468091,F,,
459386427,M,,
946375664,M,,
61149346,F,,
1279137632,M,,
350880926,F,,
116193719,F,,
1081254876,M,,
142367546,F,,
37408744,M,,
132005269,M,,
347469461,F,,
61704955,M,,
280209413,F,,
759703987,F,,
1679087676,M,,
356247727,F,,
3676929742,M,,
2471428339,M,,
262822356,F,,
37951028,M,,
386807990,F,,
24939660,F,,
114421715,M,,
69927346,F,,
48958647,M,,
2843246140,M,,
561325465,F,,
2605164456,M,,
147460928,F,,
140830425,F,,
753154724,M,,
17810847,F,,
381542391,M,,
1020993602,M,,
1552602110,F,,
1076442812,M,,
21958732,F,,
7.11115E+17,F,,
2614781971,M,,
30765106,F,,
24233106,M,,
14390535,M,,
349933614,F,,
20626654,M,,
2548386882,F,,
216172618,F,,
4676322578,M,,
2392150831,F,,
2512256175,M,,
15800559,M,,
256778398,F,,
1942005980,M,,
737539309,F,,
24179330,F,,
17290429,M,,
9517462,F,,
434485895,M,,
23635205,M,,
1362528962,F,,
913358126,M,,
26301862,F,,
7953342,F,,
14165197,M,,
57003130,F,,
48143227,M,,
540932531,M,,
191183707,F,,
20069339,M,,
1518478992,F,,
18717602,F,,
219820054,M,,
2309826526,F,,
20191009,M,,
39537029,M,,
481447542,F,,
1066864868,M,,
922302955,F,,
357888999,F,,
81670256,M,,
20903962,F,,
19227346,M,,
273959262,M,,
596074463,F,,
290270216,M,,
10277422,F,,
77802227,F,,
596781268,M,,
20073579,F,,
71001068,M,,
199366565,M,,
302803550,F,,
228995373,M,,
7.98972E+17,F,,
414352797,F,,
39879878,M,,
400384411,F,,
69474850,M,,
531458507,M,,
2833719035,F,,
2737214268,M,,
2355673955,F,,
34433974,F,,
265630855,M,,
5522162,F,,
249328403,M,,
156623701,M,,
195367887,F,,
45396140,M,,
269479048,F,,
2784724098,F,,
589334855,M,,
402865442,F,,
369539092,M,,
420319071,M,,
7.363E+17,F,,
43210034,M,,
20628114,F,,
28552211,F,,
18560045,M,,
2803445864,F,,
91869181,M,,
2313841107,M,,
1598735474,F,,
76753769,M,,
110305499,F,,
100523546,F,,
382387180,M,,
403009918,F,,
21146356,M,,
130224308,M,,
70103189,F,,
3319518766,M,,
311571280,F,,
452934396,F,,
40231154,M,,
86033862,F,,
303200950,M,,
329318603,M,,
14630611,F,,
346830435,M,,
882749053,F,,
534674922,F,,
930517196,M,,
57795702,F,,
287133343,M,,
26750358,M,,
300472334,F,,
204496582,M,,
2308783627,F,,
11499522,F,,
19211774,M,,
90812323,F,,
150899457,M,,
14558447,M,,
72914992,F,,
44722841,M,,
30757978,F,,
218139202,F,,
4841541257,M,,
3865114815,F,,
493598270,M,,
336713711,M,,
2832857027,F,,
803780191,M,,
4040003793,F,,
73315972,F,,
194456264,M,,
19554418,F,,
2846379856,M,,
491333442,M,,
471602996,F,,
7.62659E+17,M,,
2561785215,F,,
60359323,F,,
93569492,M,,
137862377,F,,
2612742854,M,,
92598789,M,,
838450579,F,,
286908988,M,,
61818847,F,,
1912262491,F,,
3298142167,M,,
71146024,F,,
41913687,M,,
15804019,M,,
57179065,F,,
40614975,M,,
56209539,F,,
2280852354,F,,
17614296,M,,
4453132222,F,,
17472111,M,,
56453126,M,,
200917395,F,,
416563129,M,,
976104690,F,,
2969536731,F,,
25366235,M,,
3092498920,F,,
227772504,M,,
2518442961,M,,
121136472,F,,
20735430,M,,
456904837,F,,
124378584,F,,
75172312,M,,
14761966,F,,
594725182,M,,
1709424714,M,,
636831884,F,,
294079690,M,,
376996665,F,,
112242731,F,,
15645220,M,,
293530588,F,,
274626047,M,,
298701234,M,,
515859292,F,,
2492062310,M,,
184531361,F,,
8.01408E+17,F,,
767808602,M,,
17451918,F,,
22311439,M,,
148232923,M,,
4911969983,F,,
56868544,M,,
2993107891,F,,
50738554,F,,
66747704,M,,
7.79707E+17,F,,
517127347,M,,
801653160,M,,
318855988,F,,
7.37967E+17,M,,
21096258,F,,
625628428,F,,
572895542,M,,
27840175,F,,
145108983,M,,
31254311,M,,
20112896,F,,
7.73042E+17,M,,
2366161788,F,,
3309404462,F,,
1460207450,M,,
214502537,F,,
17996188,M,,
22125090,M,,
384856258,F,,
2430635995,M,,
48802475,F,,
1275164778,F,,
21064452,M,,
464864514,F,,
52348435,M,,
232497806,M,,
24355783,F,,
952983349,M,,
33923441,F,,
267134567,F,,
143612332,M,,
438009515,F,,
318002294,M,,
1350682064,M,,
168142515,F,,
27319967,M,,
8.01437E+17,F,,
387355633,F,,
223806253,M,,
295778258,F,,
7.06485E+17,M,,
362667394,M,,
1171510662,F,,
876278060,M,,
7.68096E+17,F,,
38410095,F,,
7.27072E+17,M,,
130286785,F,,
3011672346,M,,
8.01442E+17,M,,
30239798,F,,
26320902,M,,
274525496,F,,
240164412,F,,
15649238,M,,
540976841,F,,
72916147,M,,
192924183,M,,
181122515,F,,
608663,M,,
394758913,F,,
2744358077,F,,
33983638,M,,
13889932,F,,
555190281,M,,
15168641,M,,
323147180,F,,
282566279,M,,
22613689,F,,
284317659,F,,
26468704,M,,
7.89126E+17,F,,
138978328,M,,
394875828,M,,
20947704,F,,
306561536,M,,
7.46244E+17,F,,
200247517,F,,
27668767,M,,
21403218,F,,
76794335,M,,
59253562,M,,
2900955341,F,,
24775585,M,,
60366538,F,,
627991062,F,,
1722359618,M,,
2231321,F,,
3046020204,M,,
220789658,M,,
43246261,F,,
3760127177,M,,
22384158,F,,
56732353,F,,
88516314,M,,
549018771,F,,
26972672,M,,
479521185,M,,
26507776,F,,
66387028,M,,
151616339,F,,
394562795,F,,
58836858,M,,
23922408,F,,
3034784285,M,,
17423469,M,,
213370726,F,,
541437705,M,,
3393955781,F,,
259786473,F,,
2396008338,M,,
16563829,F,,
911933083,M,,
2256395042,M,,
3140414904,F,,
55526305,M,,
71186880,F,,
305758331,F,,
2875412410,M,,
1228287571,F,,
118976585,M,,
397526766,M,,
7.89292E+17,F,,
590197001,M,,
27530984,F,,
983468796,F,,
1638891619,M,,
21312221,F,,
2348189241,M,,
25909668,M,,
7.96801E+17,F,,
2378061333,M,,
395109057,F,,
1464784302,F,,
130517879,M,,
7.93286E+17,F,,
75201888,M,,
2196545082,M,,
462861368,F,,
1460017836,M,,
2450686806,F,,
624261402,F,,
473225956,M,,
3104877003,F,,
789133766,M,,
552184008,M,,
44197320,F,,
118391492,M,,
17039457,F,,
7.68164E+17,F,,
18892333,M,,
250290906,F,,
20728256,M,,
604373512,M,,
2895257897,F,,
277981152,M,,
95201845,F,,
209210272,F,,
7.48922E+17,M,,
119164502,F,,
19466398,M,,
255212968,M,,
392591095,F,,
305115472,M,,
24450222,F,,
69997985,F,,
633802063,M,,
7.81631E+17,F,,
51146497,M,,
180449239,M,,
205359286,F,,
2169616619,M,,
236217329,F,,
27874867,F,,
2448695598,M,,
786719672,F,,
3297107447,M,,
263877050,M,,
485239651,F,,
2663288658,M,,
172809356,F,,
371499371,F,,
43785941,M,,
381862475,F,,
1535853464,M,,
13338102,M,,
115533837,F,,
472302309,M,,
348844543,F,,
3353258373,F,,
107424408,M,,
18628395,F,,
129160124,M,,
12354332,M,,
180035049,F,,
456989537,M,,
36906757,F,,
1426285704,F,,
2171500111,M,,
151492311,F,,
166723839,M,,
404765674,M,,
72333951,F,,
122131791,M,,
19427976,F,,
14642815,F,,
195901676,M,,
1202418104,F,,
263268515,M,,
20360248,M,,
503364751,F,,
2965897030,M,,
922791229,F,,
232351715,F,,
46098408,M,,
389992849,F,,
865852027,M,,
1408158571,M,,
16185203,F,,
2505523524,M,,
2499251182,F,,
2825890017,F,,
54624374,M,,
20066854,F,,
164050933,M,,
308739087,M,,
2203277137,F,,
4388365033,M,,
2628794032,F,,
21291789,F,,
1184676811,M,,
55194764,F,,
815520854,M,,
48999832,M,,
149248906,F,,
68909542,M,,
243694590,F,,
53913680,F,,
4053768057,M,,
2896685807,F,,
834083874,M,,
179958861,M,,
211972025,F,,
259653951,M,,
167464956,F,,
3430619985,F,,
5876692,M,,
19971779,F,,
1420997119,M,,
272905334,M,,
2675385103,F,,
3628134922,M,,
2405816709,F,,
1924142779,F,,
22434667,M,,
937815072,F,,
151609819,M,,
160932553,M,,
166379619,F,,
430736630,M,,
479041151,F,,
19548229,F,,
117139769,M,,
1505880222,F,,
63865488,M,,
192927713,M,,
7.9863E+17,F,,
14927276,M,,
1476239612,F,,
54005591,F,,
70018697,M,,
860387348,F,,
7.63116E+17,M,,
109942819,M,,
339010888,F,,
26517382,M,,
131171272,F,,
431881426,F,,
3692739732,M,,
1149629384,F,,
20481696,M,,
81397139,M,,
100564102,F,,
3419946779,M,,
91364966,F,,
359364900,F,,
1400566585,M,,
2799493600,F,,
14751199,M,,
15553634,M,,
384695895,F,,
3437248218,M,,
2985785456,F,,
68113538,F,,
3011736662,M,,
4099919249,F,,
1675654579,M,,
757605,M,,
26071574,F,,
3083801656,M,,
2557264910,F,,
82205347,F,,
493728966,M,,
53998563,F,,
382555405,M,,
58758689,M,,
2376052310,F,,
35058231,M,,
628687287,F,,
367548797,F,,
16850092,M,,
16660484,F,,
1978731926,M,,
5667022,M,,
241815281,F,,
145830764,M,,
385203042,F,,
545174209,F,,
1849660280,M,,
60428991,F,,
83242054,M,,
365682763,M,,
7.98999E+17,F,,
245913277,M,,
248367304,F,,
114314460,F,,
123932503,M,,
3226911791,F,,
312942948,M,,
70992561,M,,
7.51948E+17,F,,
18441486,M,,
166821407,F,,
9600062,F,,
243288465,M,,
155003641,F,,
15397836,M,,
93365182,M,,
254079073,F,,
874681382,M,,
14752991,F,,
41813471,F,,
262348622,M,,
37457768,F,,
141671276,M,,
157427871,M,,
266828930,F,,
42763619,M,,
1723815079,F,,
188550573,F,,